{"Yaw":0.007049,"Pitch":-0.014016,"Roll":0.440653}